74330	Abdul Rassid	Abdul_Karim_Rassid@iscte.pt
69098	Afonso Matos	Afonso_Bernardo_Matos@iscte.pt
72962	Afonso Antunes	Afonso_Antunes@iscte.pt
73456	Afonso Silva	Afonso_Luis_Silva@iscte.pt
73567	Afonso Faustino	Afonso_Faustino@iscte.pt
72790	Afonso Santos	Afonso_Miguel@iscte.pt
69225	Afonso Alves	Afonso_Alves@iscte.pt
74232	Alberto Ramos	Alberto_Ramos@iscte.pt
76825	Alberto Santana	Alberto_Santana@iscte.pt
73256	Alexandre Martins	Alexandre_Martins@iscte.pt
73167	Ana Olival	Ana_Olival@iscte.pt
72702	Ana Pestana	Ana_Pestana@iscte.pt
73517	André Ribeiro	Andre_Bandeira@iscte.pt
73661	André Vilela	Andre_Vilela@iscte.pt
55568	André Luz	Andre_Filipe_Luz@iscte.pt
73275	André Maia	Andre_Maia@iscte.pt
33607	André Freire	Andre_Filipe_Freire@iscte.pt
72864	André Perdiz	Andre_Perdiz@iscte.pt
68674	André Sousa	afssa11111@iscte.pt
73263	André Godinho	afgos@iscte.pt
69584	André Neiva	Andre_Goncalves_Neiva@iscte.pt
72948	André Carvalho	Andre_Guilherme_Carvalho@iscte.pt
73151	André Franco	Andre_Franco@iscte.pt
72783	André Carvalho	Andre_Santos_Carvalho@iscte.pt
66119	André Rouiller	Andre_Rouiller@iscte.pt
33546	André Coelho	Andre_Coelho@iscte.pt
73136	Anna Kharkova	Anna_Kharkova@iscte.pt
38095	António Cabral	Antonio_Cabral@iscte.pt
69934	António Estrela	Antonio_Pedro_Estrela@iscte.pt
72772	Beatriz Oliveira	Beatriz_Cupertino@iscte.pt
69275	Beatriz Varagilal	Beatriz_Varagilal@iscte.pt
73198	Beatriz Fonte	Beatriz_Fonte@iscte.pt
60371	Beatriz Rodrigues	Beatriz_Castro@iscte.pt
68639	Beatriz Luís	Beatriz_Luis@iscte.pt
73809	Ben-Hur Fidalgo	Ben_Hur_Curado_Fidalgo@iscte.pt
69016	Bernardo Kelly	Bernardo_Kelly@iscte.pt
60876	Bernardo Marques	Bernardo_Marques@iscte.pt
73338	Bernardo Farto	Bernardo_Brogueira@iscte.pt
72951	Bernardo Nogueira	Bernardo_Nogueira@iscte.pt
64727	Bernardo Bruno	Bernardo_Bruno@iscte.pt
73353	Bruno Colaço	Bruno_Colaco@iscte.pt
73105	Bruno Carreira	Bruno_Carreira@iscte.pt
72780	Bruno Agostinho	Bruno_Agostinho@iscte.pt
73457	Bruno Eugénio	Bruno_Eugenio@iscte.pt
72843	Bruno Manteu	Bruno_Manteu@iscte.pt
68961	Bruno Simões	blsss@iscte.pt
61082	Bruno Nunes	Bruno_Miguel_Nunes@iscte.pt
60715	Bruno Silva	Bruno_Passos@iscte.pt
74196	Bruno Alberto	Bruno_Alberto@iscte.pt
72678	Bárbara Costa	Barbara_Costa@iscte.pt
73806	Calton Manhique	Calton_Manhique@iscte.pt
55089	Carina Abreu	Carina_Patricia_Abreu@iscte.pt
68640	Carlos Fernandes	Carlos_Rafael_Fernandes@iscte.pt
68883	Carlos Lança	Carlos_Lanca@iscte.pt
73232	Carlota Ferreira	Carlota_Ferreira@iscte.pt
73122	Carolina Gonçalves	Carolina_Loureiro@iscte.pt
74454	Carolina Martins	cnmss@iscte.pt
72740	Catarina Rita	Catarina_Rita@iscte.pt
64942	Catarina Monteiro	Catarina_Silva_Monteiro@iscte.pt
62143	Celso Neto	Celso_Neto@iscte.pt
65251	Clemente Barros	Clemente_Barros@iscte.pt
64936	Cláudio Monteiro	Claudio_Monteiro@iscte.pt
68887	Cláudio Gonçalves	Claudio_Goncalves@iscte.pt
73194	Cátia Chen	Catia_Chen@iscte.pt
73318	Daniel Tomás	Daniel_Filipe_Tomas@iscte.pt
74486	Daniel Reis	dprsa1@iscte.pt
72786	Daniela Capucho	Daniela_Margarida_Capucho@iscte.pt
69803	Dara Almeida	Dara_Almeida@iscte.pt
73121	David Queimado	David_Queimado@iscte.pt
73074	David Taveira	David_Taveira@iscte.pt
72938	David Frickert	David_Frickert@iscte.pt
54341	David Martinho	David_Martinho@iscte.pt
60671	David Sebastião	David_Sebastiao@iscte.pt
72898	Diana Lopes	Diana_Maria_Lopes@iscte.pt
74455	Dinis Ferreira	Dinis_Ferreira@iscte.pt
73431	Diogo Sousa	Diogo_Sousa@iscte.pt
73059	Diogo Pedro	Diogo_Felix@iscte.pt
73539	Diogo Coimbra	Diogo_Coimbra@iscte.pt
70141	Diogo Carneiro	Diogo_Anibal_Carneiro@iscte.pt
73429	Diogo Minhoto	Diogo_Filipe_Minhoto@iscte.pt
70114	Diogo Oliveira	Diogo_Jose_Oliveira@iscte.pt
72680	Diogo Morão	Diogo_Morao@iscte.pt
73117	Duarte Pinto	Duarte_Pinto@iscte.pt
34317	Duarte Tereso	Duarte_Silva_Tereso@iscte.pt
72953	Débora Gabriel	Debora_Gabriel@iscte.pt
74392	Ederminio Soares	Ederminio_Soares@iscte.pt
73190	Eduardo Martins	Eduardo_Martins@iscte.pt
68950	Eduardo Vicente	Eduardo_Vicente@iscte.pt
61757	Eduardo Macedo	Eduardo_Macedo@iscte.pt
73316	Elmo Muacho	Elmo_Muacho@iscte.pt
70033	Filipe Bernardino	Filipe_Bernardino@iscte.pt
73677	Filipe Larga	Filipe_Larga@iscte.pt
64544	Filipe Henriques	Filipe_Henriques@iscte.pt
73291	Filipe Teixeira	Filipe_Teixeira@iscte.pt
73796	Filipe Santana	Filipe_Miguel_Santana@iscte.pt
65791	Flávia Almeida	Flavia_Roberta_Almeida@iscte.pt
61637	Francisco Ferreira	Franscisco_Jose_Ferreira@iscte.pt
73706	Francisco Barreto	Francisco_Barreto@iscte.pt
73260	Francisco Esteveira	Francisco_Esteveira@iscte.pt
64789	Francisco Fernandes	Francisco_Picao@iscte.pt
73467	Francisco Silva	Francisco_Matos@iscte.pt
73139	Francisco Alfredo	Francisco_Miguel@iscte.pt
78748	Francisco Santos	fpsso1@iscte.pt
64883	Francisco Araújo	fpaos@iscte.pt
74340	Francisco Gonçalves	Francisco_Santos_Goncalves@iscte.pt
68764	Frederico Rodrigues	Frederico_Pires@iscte.pt
74262	Geremias Santos	Geremias_Santos@iscte.pt
73538	Gonçalo Fernandes	Goncalo_Fernandes@iscte.pt
72665	Gonçalo Correia	Goncalo_Fernando_Correia@iscte.pt
72774	Gonçalo Santos	Goncalo_Barrigola@iscte.pt
70068	Gonçalo Caldeira	Goncalo_Caldeira@iscte.pt
73366	Gonçalo Pires	Goncalo_Pires@iscte.pt
69164	Gonçalo Figueiredo	Goncalo_Miguel_Figueiredo@iscte.pt
65928	Gonçalo Gil	Pedro_Gil@iscte.pt
73098	Gonçalo Ribeiro	Goncalo_Tome_Ribeiro@iscte.pt
64909	Guilherme Relvas	Guilherme_Relvas@iscte.pt
73174	Guilherme Azevedo	Guilherme_Azevedo@iscte.pt
73381	Guilherme Rodrigues	Guilherme_Teixeira_Rodrigues@iscte.pt
73372	Guilherme Pereira	Guilherme_Pereira@iscte.pt
73036	Gustavo Morais	Gustavo_Morais@iscte.pt
65012	Gustavo Brito	Gustavo_Brito@iscte.pt
73512	Helena Fonseca	Helena_Belard@iscte.pt
72989	Henrique Sousa	Henrique_Braz@iscte.pt
72736	Henrique Melo	Henrique_Melo@iscte.pt
54363	Henrique Zatta	Henrique_Zatta@iscte.pt
72821	Hugo Rodrigues	Hugo_Alexandre@iscte.pt
73346	Hugo Pereira	Hugo_Oliveira_Pereira@iscte.pt
68610	Humaira Rachid	Humaira_Rachid@iscte.pt
74310	Hussein Sacoor	Hussein_Sacoor@iscte.pt
73021	Inês Palma	Ines_Filipa_Palma@iscte.pt
72692	Inês Duarte	Ines_Maria_Duarte@iscte.pt
69998	Jessica Vaz	Jessica_Vaz@iscte.pt
69319	Joana Ventura	Joana_Ventura@iscte.pt
72811	Joana Ascenso	Joana_Ascenso@iscte.pt
72767	Jorge Magalhães	Jorge_Daniel_Magalhaes@iscte.pt
33608	Jorge Ferreira	Jorge_Filipe_Ferreira@iscte.pt
62344	Jorge Santos	Jorge_Valadao@iscte.pt
64534	José Roxo	Jose_Roxo@iscte.pt
65092	José Fernandes	Jose_Miguel@iscte.pt
73102	José Ferreira	Jose_Pedro_Mendes@iscte.pt
30513	João Serrano	Joao_Serrano@iscte.pt
73660	João Casanova	Joao_Casanova@iscte.pt
54763	João Coelho	Joao_Daniel_Coelho@iscte.pt
61075	João Sousa	Joao_Duarte_Sousa@iscte.pt
73298	João Romão	Joao_Filipe_Romao@iscte.pt
65217	João Martins	Joao_Francisco_Martins@iscte.pt
73134	João André	Joao_Luis_Andre@iscte.pt
62006	João Rodrigues	Joao_Luis_Rodrigues@iscte.pt
72907	João Neto	Joao_Maria_Neto@iscte.pt
73337	João Cardoso	Joao_Miguel_Cardoso@iscte.pt
30484	João Bispo	Joao_Miguel_Bispo@iscte.pt
70050	João Crespo	Joao_Miguel_Crespo@iscte.pt
64815	João Gonçalves	Joao_Nuno_Goncalves@iscte.pt
73304	João Oliveira	Joao_Nuno_Oliveira@iscte.pt
65826	João Lobato	Joao_Paulo_Lobato@iscte.pt
72724	João Antão	Joao_Pedro_Antao@iscte.pt
73453	João Gomes	Joao_Pedro_Grangeia@iscte.pt
68635	João Guerra	Joao_Marmelo@iscte.pt
74289	João Gouveia	Joao_Gouveia@iscte.pt
68925	João Oliveira	Joao_Neto@iscte.pt
70118	João Silva	jpsao11@iscte.pt
70078	João Santos	Joao_Tiago_Pina@iscte.pt
68829	Júlio Bandeiras	Julio_Antonio_Bandeiras@iscte.pt
70060	Júlio Monteiro	Julio_Miguel@iscte.pt
73529	Kevin Corrales	Kevin_Batista@iscte.pt
35327	Luís Vicente	Luis_Octavio_Vicente@iscte.pt
55936	Luís D'Alva	Luis_Paulo_Viegas_Silva_Alva@iscte.pt
69061	Lígia Cardoso	Ligia_Cardoso@iscte.pt
72788	Mafalda Cardoso	Mafalda_Cardoso@iscte.pt
60850	Mahomed Hameed	Mahomed_Zameer@iscte.pt
39902	Manuela Lopes	Manuela_Lopes@iscte.pt
68691	Maria Demétrio	Maria_Romao@iscte.pt
70174	Mariana Santos	Mariana_Seabra@iscte.pt
73612	Mariana Cardoso	Mariana_Duarte_Cardoso@iscte.pt
73033	Mariana Sousa	Mariana_Oom@iscte.pt
72722	Martim Machado	Martim_Machado@iscte.pt
74137	Melanie Silva	mtlsa@iscte.pt
74276	Micael Prata	Micael_Alexandre_Prata@iscte.pt
61872	Miguel Dias	Miguel_Alexandre_Dias@iscte.pt
73541	Miguel Rodrigues	Miguel_Barco@iscte.pt
72926	Miguel Martins	Miguel_Henrique_Martins@iscte.pt
73199	Miguel Melo	Miguel_Joao_Melo@iscte.pt
70020	Miguel Botelho	Miguel_Maria_Botelho@iscte.pt
73137	Miguel Henriques	Miguel_Henriques@iscte.pt
73581	Miguel Nobre	Miguel_Nobre@iscte.pt
38076	Mihaela Macovei	Mihaela_Macovei@iscte.pt
72792	Mikie Ribeiro	Mikie_Lisboa@iscte.pt
74464	Milan Bhatt	Milan_Bhatt@iscte.pt
65930	Márcio Simões	Marcio_Candeias@iscte.pt
73686	Mário José	Mario_Luis_Jose@iscte.pt
73300	Nuno Rosário	Nuno_Rosario@iscte.pt
72910	Nuno Fialho	Nuno_Fialho@iscte.pt
73326	Nuno Carapinha	Nuno_Carapinha@iscte.pt
72817	Nuno Lopes	Nuno_Varela@iscte.pt
73399	Paulo Franco	Paulo_Franco@iscte.pt
73324	Paulo Pina	Paulo_Pina@iscte.pt
69133	Pedro Nabais	Pedro_Nabais@iscte.pt
73609	Pedro Estorninho	Pedro_Estorninho@iscte.pt
73313	Pedro Azevedo	Pedro_Filipe_Azevedo@iscte.pt
73462	Pedro Almeida	Pedro_Gregorio_Almeida@iscte.pt
73750	Pedro Frias	Pedro_Luis_Melo_Frias@iscte.pt
73109	Pedro Pires	Pedro_Geraldes@iscte.pt
68487	Pedro Pires	Pedro_Miguel_Nunes@iscte.pt
73723	Pedro Ramos	pmors@iscte.pt
69964	Pedro Travanca	Pedro_Miguel_Travanca@iscte.pt
72785	Pedro Gouveia	Pedro_Gouveia@iscte.pt
69106	Pedro Carneiro	Pedro_Carneiro@iscte.pt
73252	Pedro Baião	Xavier_Baiao@iscte.pt
69327	Rafael Pacheco	Rafael_Alexandre_Pacheco@iscte.pt
72677	Rafael Dias	Rafael_Alexandre_Dias@iscte.pt
73606	Rafael Costa	Rafael_Seixas@iscte.pt
73551	Rafaela Lopes	Rafaela_Lopes@iscte.pt
73018	Raquel Martins	rgmss111@iscte.pt
64533	Renata Granjo	Renata_Granjo@iscte.pt
73072	Renato Monteiro	Renato_Luis_Monteiro@iscte.pt
73616	Renato Fins	Renato_Fins@iscte.pt
73308	Ricardo Silva	Ricardo_Cardoso_Silva@iscte.pt
65046	Ricardo Gil	Ricardo_Gil@iscte.pt
73384	Ricardo Lopes	Ricardo_Pimenta@iscte.pt
72973	Ricardo Santos	Ricardo_Joao_Santos@iscte.pt
72806	Ricardo Silva	Ricardo_Manuel_Silva@iscte.pt
73062	Ricardo Castro	Ricardo_Miguel_Melo_Castro@iscte.pt
72710	Ricardo Santos	Ricardo_Miguel_Santos@iscte.pt
78761	Ricardo Pinto	rmmpo@iscte.pt
68676	Rita Fonseca	Rita_Maria_Fonseca@iscte.pt
74311	Rita Gonçalves	Rita_Sebastiana@iscte.pt
72942	Rita Antunes	Rita_Antunes@iscte.pt
73679	Rodrigo Mesquita	Rodrigo_Mesquita@iscte.pt
64972	Rodrigo Martins	Rodrigo_Nabais@iscte.pt
70010	Ruben Silva	Ruben_Filipe_Silva@iscte.pt
54767	Ruben Almeida	Ruben_Almeida@iscte.pt
65109	Rui Branco	Rui_Branco@iscte.pt
73680	Rui Francisco	Rui_Francisco@iscte.pt
73391	Rui Fernandes	Rui_Torres@iscte.pt
68937	Rui Nunes	Rui_Nunes@iscte.pt
69192	Rui Santos	Rui_Rodrigo_Santos@iscte.pt
74457	Rúben Beirão	Ruben_Beirao@iscte.pt
54404	Rúben Duque	Ruben_Duque@iscte.pt
70285	Samuel Silva	Samuel_Camacho@iscte.pt
72911	Sandro Ferreira	Sandro_Ferreira@iscte.pt
60188	Sara Fonseca	Sara_Girao_Fonseca@iscte.pt
73501	Sara Ali	Sara_Jessica_Ali@iscte.pt
65074	Sergiy Nytsulenko	Sergiy_Nytsulenko@iscte.pt
73342	Sofia Brites	Sofia_Brites@iscte.pt
70094	Stephanie Andrade	Stephanie_Andrade@iscte.pt
73289	Susana Gomes	Susana_Chambel@iscte.pt
60185	Susana Oliveira	Susana_Maria_Oliveira@iscte.pt
73055	Sónia Lopes	Sonia_Cristina_Lopes@iscte.pt
72773	Sónia Araújo	Sonia_Araujo@iscte.pt
72737	Tiago Marques	Tiago_Freitas@iscte.pt
73556	Tiago Relvas	Tiago_Relvas@iscte.pt
73935	Tiago Cavalheiro	Tiago_Cavalheiro@iscte.pt
73371	Tiago Santos	tmmss@iscte.pt
72754	Tiago Feliciano	Tiago_Miguel_Feliciano@iscte.pt
38093	Tiago Cruz	Tiago_Miguel_Cruz@iscte.pt
73038	Tomás Antunes	Tomas_Antunes@iscte.pt
68727	Tomás Diogo	Tomas_Martins_Diogo@iscte.pt
66129	Viriato Figueira	Viriato_Figueira@iscte.pt
68729	Vladyslav Hrinko	Vladyslav_Hrinko@iscte.pt
69977	Zain Omargee	Zain_Faruk@iscte.pt
70257	Ângela Alves	Angela_Alves@iscte.pt
60395	Afonso Pichel	Afonso_Pichel@iscte.pt
73066	Afonso Guimarães	Afonso_Guimaraes@iscte.pt
69072	Alexandre Silva	Alexandre_Mota@iscte.pt
73498	Alexandre Costa	Alexandre_Costa@iscte.pt
62115	Ali Rashid	Ali_Rashid@iscte.pt
73397	Ana Teixeira	Ana_Beatriz_Teixeira@iscte.pt
73160	Ana Custódio	Ana_Catarina_Custodio@iscte.pt
72833	Ana Marcelo	Ana_Marcelo@iscte.pt
60517	Andreia Almeida	Andreia_Almeida@iscte.pt
69213	André Matela	Andre_Matela@iscte.pt
66030	André Venâncio	Andre_Venancio@iscte.pt
65081	André Marciano	Andre_Marciano@iscte.pt
64545	André Santos	Andre_Miguel_Santos@iscte.pt
73155	André Ivan-Coca	Andre_Negrao_Barros_Serra_Ivan_Coca@iscte.pt
65018	António Gomes	Antonio_Moutinho@iscte.pt
66196	António Faria	Augusto_Faria@iscte.pt
55558	Bernardo Ferra	Bernardo_Ferra@iscte.pt
73899	Bernardo Gomes	Bernardo_Gomes@iscte.pt
69368	Bernardo Figueiredo	blsff@iscte.pt
68695	Bruno Ferreira	Bruno_Alexandre_Ferreira@iscte.pt
62135	Bruno Purvis	Bruno_Purvis@iscte.pt
62281	Carla Gregório	Carla_Gregorio@iscte.pt
60817	Carlos Curado	Carlos_Curado@iscte.pt
61962	Carlos Ferreira	cmsfa@iscte.pt
65248	Carolina Costa	Carolina_Beatriz_Costa@iscte.pt
72996	Daniel Coimbra	Daniel_Coimbra@iscte.pt
65135	Daniel Silva	Daniel_Teixeira@iscte.pt
65949	Daniel Morais	Daniel_Andre_Morais@iscte.pt
72756	Daniel Fernando	Daniel_Fernando@iscte.pt
72777	Daniel Rodrigues	Daniel_Filipe_Rodrigues@iscte.pt
73251	Daniel Caldeira	Daniel_Nuno_Caldeira@iscte.pt
68840	Daniel Leal	Daniel_Leal@iscte.pt
78722	Darlam Santos	Darlam_Santos@iscte.pt
69980	Diogo Reis	Diogo_Gil_Reis@iscte.pt
73005	Diogo Guerreiro	Diogo_Manuel_Guerreiro@iscte.pt
65418	Diogo Crava	Diogo_Crava@iscte.pt
73051	Diogo Juvandes	Diogo_Juvandes@iscte.pt
73073	Diogo Oliveira	dcoaa1@iscte.pt
74278	Dmytro Astashov	Dmytro_Astashov@iscte.pt
72939	Duarte Vital	Duarte_Vital@iscte.pt
54145	Edson Bragança	Edson_Braganca@iscte.pt
70259	Eduardo Vidal	Eduardo_Vidal@iscte.pt
65734	Eduardo Queiroz	Eduardo_Queiroz@iscte.pt
37811	Emanuel Antunes	Emanuel_Antunes@iscte.pt
64484	Francisco Nunes	Francisco_Antonio_Oliveira@iscte.pt
68692	Francisco Magro	Francisco_Magro@iscte.pt
64967	Francisco Azevedo	Francisco_Olaio@iscte.pt
72670	Frederico Pereira	Frederico_Gangino@iscte.pt
73505	Gonçalo Meireles	Goncalo_Meireles@iscte.pt
73617	Gonçalo Matos	grmso@iscte.pt
73215	Guilherme Costa	Guilherme_Henriques_Costa@iscte.pt
73385	Hernandez Silva	Hernandez_Silva@iscte.pt
62116	Hugo Correia	Hugo_Correia@iscte.pt
64546	Hugo Rodrigues	Hugo_Rodrigues@iscte.pt
73422	Ivo Carvalho	Ivo_Carvalho@iscte.pt
69540	Joana Mata	Joana_Catarina_Mata@iscte.pt
73063	Joana Pascoal	Joana_Pascoal@iscte.pt
70139	Jorge Sardinha	Jorge_Manuel_Sardinha@iscte.pt
64523	Jorge Lopes	Jorge_Lopes@iscte.pt
54336	José Afonso	Jose_Elias_Afonso@iscte.pt
72863	José Ramalho	Jose_Ramalho@iscte.pt
73067	João Domingos	Joao_Domingos@iscte.pt
69246	João Pinto	Joao_Dantas@iscte.pt
69073	João Moreira	Joao_Moreira@iscte.pt
54146	João Pontes	Joao_Miguel_Pontes@iscte.pt
66144	João Mendonça	Joao_Pedro_Candeias@iscte.pt
74076	João Adrião	Joao_Pedro_Adriao@iscte.pt
55556	João Faia	Joao_Pedro_Faia@iscte.pt
64847	João Sengo	Joao_Pedro_Sengo@iscte.pt
68590	João Alves	joao_pedro_silva_alves@iscte.pt
65916	Jéssica Farinha	Jessica_Farinha@iscte.pt
54180	Luciana Micael	Luciana_Micael@iscte.pt
24963	Luís Marques	a24963@iscte.pt
69007	Luís Leitão	Luis_Leitao@iscte.pt
32341	Luís Ramos	lphrs@iscte.pt
68934	Manuel Sepúlveda	Manuel_Sepulveda@iscte.pt
73078	Maria Monteiro	Francisca_Monteiro@iscte.pt
73640	Maria Canedo	Maria_Joao_Canedo@iscte.pt
70062	Mariana Melo	Mariana_Melo@iscte.pt
72734	Mariana Marques	Mariana_Filipa_Marques@iscte.pt
64766	Miguel Alves	Miguel_Alexandre_Alves@iscte.pt
69515	Miguel Bento	mjcbo11@iscte.pt
69999	Miguel Gouveia	Miguel_Moura@iscte.pt
69108	Miguel Freitas	Miguel_Freitas@iscte.pt
68964	Mohammad Rafiq	Mohammad_Mudassir@iscte.pt
68723	Nadir Rassid	Nadir_Rassid@iscte.pt
72921	Nishma Radiya	Nishma_Radiya@iscte.pt
66022	Nuno Camilo	Nuno_Camilo@iscte.pt
65975	Nuno Ribeiro	Nuno_Ribeiro@iscte.pt
39101	Olga Vieira	Olga_Marina_Vieira@iscte.pt
69234	Paulo Palma	Paulo_Jorge_Palma@iscte.pt
73023	Pedro Branco	Pedro_Barroso@iscte.pt
70100	Pedro Correia	Pedro_Araujo@iscte.pt
65050	Pedro Coelho	Pedro_Coelho@iscte.pt
73351	Pedro Pascoal	Pedro_Pascoal@iscte.pt
73158	Pedro Bernardo	Pedro_Miguel_Bernardo@iscte.pt
68747	Raquel Martins	Raquel_Casaca@iscte.pt
69399	Ricardo Duarte	Ricardo_Duarte@iscte.pt
69454	Ricardo Silva	Ricardo_Frederico_Silva@iscte.pt
33953	Ricardo Bernardo	Ricardo_Bernardo@iscte.pt
69565	Rodolfo Arnaldo	Rodolfo_Guilherme_Arnaldo@iscte.pt
72897	Rodrigo Agostinho	Rodrigo_Bernardo@iscte.pt
73553	Rui Tomé	Rui_Tome@iscte.pt
73272	Rúben Moreira	Ruben_Alexandre_Moreira@iscte.pt
73615	Sandro Silva	Sandro_Silva@iscte.pt
38304	Sara Fernandes	Sara_Solange_Fernandes@iscte.pt
73423	Soraia Pires	Soraia_Nabais@iscte.pt
73164	Sérgio Passos	Sergio_Passos@iscte.pt
62015	Temóteo Júnior	Temoteo_Costa@iscte.pt
68802	Teresa Moniz	Teresa_Marlene_Moniz@iscte.pt
61973	Tiago Martins	Tiago_Miguel_Reis@iscte.pt
64725	Tiago Monteiro	Tiago_Monteiro@iscte.pt
65926	Tiago Pedrinho	Tiago_Pedrinho@iscte.pt
70039	Tomás Pedro	Tomas_Goncalves_Pedro@iscte.pt
64913	Tomás Vendeirinho	Tomas_Vendeirinho@iscte.pt
73464	Tânia Lam	Tania_Kral@iscte.pt
